drug ID,Target Uniprot ID
DB01224,P35367
DB06153,P35367
DB00246,P35367
DB01267,P35367
DB00726,P35367
DB00734,P35367
DB00420,P35367
DB04841,P35367
DB00245,P35367
DB01403,P35367
DB01624,P35367
DB00797,P35367
DB06216,P35367
DB09128,P35367
DB00502,P35367
DB01175,P35367
DB06016,P35367
DB09185,P35367
DB06148,P35367
DB00363,P35367
DB00934,P35367
DB00370,P35367
DB00540,P35367
DB01151,P35367
DB00458,P35367
DB14185,P35367
DB01075,P35367
DB00912,P35367
DB00283,P35367
DB00341,P35367
DB00342,P35367
DB00354,P35367
DB00366,P35367
DB00405,P35367
DB00427,P35367
DB00455,P35367
DB00557,P35367
DB00568,P35367
DB00637,P35367
DB00719,P35367
DB00737,P35367
DB00748,P35367
DB00792,P35367
DB00835,P35367
DB00902,P35367
DB00950,P35367
DB00967,P35367
DB00972,P35367
DB00985,P35367
DB01071,P35367
DB01084,P35367
DB01114,P35367
DB01146,P35367
DB01176,P35367
DB01237,P35367
DB01246,P35367
DB00656,P35367
DB00767,P35367
DB00777,P35367
DB00920,P35367
DB01069,P35367
DB01106,P35367
DB01173,P35367
DB01619,P35367
DB04837,P35367
DB01239,P35367
DB00434,P35367
DB00751,P35367
DB05381,P35367
DB04890,P35367
DB00768,P35367
DB01620,P35367
DB09167,P35367
DB01142,P35367
DB06698,P35367
DB01186,P35348
DB00248,P35348
DB06153,P35348
DB00246,P35348
DB01200,P35348
DB01267,P35348
DB00726,P35348
DB00420,P35348
DB00777,P35348
DB00751,P35348
DB00575,P35348
DB00800,P35348
DB01403,P35348
DB01624,P35348
DB06216,P35348
DB04946,P35348
DB09128,P35348
DB00502,P35348
DB06016,P35348
DB06144,P35348
DB00908,P35348
DB00661,P35348
DB00875,P35348
DB08950,P35348
DB00622,P35348
DB01142,P35348
DB00363,P35348
DB04948,P35348
DB00734,P35348
DB00656,P35348
DB01149,P35348
DB00540,P35348
DB00458,P35348
DB14185,P35348
DB00696,P35348
DB00449,P35348
DB00865,P35348
DB00964,P35348
DB00852,P35348
DB00368,P35348
DB06262,P35348
DB00797,P35348
DB06711,P35348
DB00925,P35348
DB00668,P35348
DB00831,P35348
DB00298,P35348
DB00706,P35348
DB01162,P35348
DB00457,P35348
DB00723,P35348
DB01579,P35348
DB00211,P35348
DB00388,P35348
DB00346,P35348
DB00679,P35348
DB01136,P35348
DB00590,P35348
DB00610,P35348
DB00699,P35348
DB01364,P35348
DB00450,P35348
DB01253,P35348
DB06706,P35348
DB12278,P35348
DB00935,P35348
DB06694,P35348
DB06207,P35348
DB04855,P35348
DB00480,P35354
DB02266,P35354
DB01435,P35354
DB01419,P35354
DB01401,P35354
DB00233,P35354
DB09214,P35354
DB11071,P35354
DB06802,P35354
DB13501,P35354
DB11327,P35354
DB00533,P35354
DB00605,P35354
DB00812,P35354
DB00821,P35354
DB00316,P35354
DB00465,P35354
DB00573,P35354
DB00939,P35354
DB01283,P35354
DB01399,P35354
DB00936,P35354
DB01628,P35354
DB04743,P35354
DB06725,P35354
DB00795,P35354
DB08910,P35354
DB08439,P35354
DB13167,P35354
DB09213,P35354
DB13783,P35354
DB09215,P35354
DB09212,P35354
DB09216,P35354
DB13346,P35354
DB11201,P35354
DB01050,P35354
DB00712,P35354
DB00784,P35354
DB06736,P35354
DB00861,P35354
DB11079,P35354
DB00465,P35354
DB00788,P35354
DB00580,P35354
DB00461,P35354
DB01014,P35354
DB00963,P35354
DB00554,P35354
DB00870,P35354
DB00814,P35354
DB00749,P35354
DB00945,P35354
DB00482,P35354
DB00991,P35354
DB00586,P35354
DB11323,P35354
DB00328,P35354
DB00159,P35354
DB01009,P35354
DB00500,P35354
DB00244,P35354
DB00469,P35354
DB00421,P04150
DB00396,P04150
DB11619,P04150
DB00367,P04150
DB01395,P04150
DB00717,P04150
DB14669,P04150
DB00351,P04150
DB01185,P04150
DB14583,P04150
DB09091,P04150
DB14541,P04150
DB14542,P04150
DB13867,P04150
DB14649,P04150
DB00834,P04150
DB00687,P04150
DB14631,P04150
DB15114,P04150
DB00591,P04150
DB00896,P04150
DB08867,P04150
DB14539,P04150
DB11921,P04150
DB01260,P04150
DB06781,P04150
DB00838,P04150
DB00596,P04150
DB00324,P04150
DB00620,P04150
DB01222,P04150
DB00180,P04150
DB00741,P04150
DB01380,P04150
DB00635,P04150
DB00846,P04150
DB00223,P04150
DB14540,P04150
DB14543,P04150
DB00288,P04150
DB14544,P04150
DB01047,P04150
DB14596,P04150
DB01130,P04150
DB14512,P04150
DB08906,P04150
DB01410,P04150
DB00240,P04150
DB15566,P04150
DB00394,P04150
DB00547,P04150
DB00588,P04150
DB00663,P04150
DB01013,P04150
DB13158,P04150
DB00253,P04150
DB00860,P04150
DB00959,P04150
DB00769,P04150
DB01234,P04150
DB00443,P04150
DB00605,P23219
DB00821,P23219
DB00465,P23219
DB00573,P23219
DB02266,P23219
DB01435,P23219
DB01419,P23219
DB01401,P23219
DB09214,P23219
DB00469,P23219
DB00350,P23219
DB04817,P23219
DB03783,P23219
DB00711,P23219
DB13501,P23219
DB00712,P23219
DB00784,P23219
DB00861,P23219
DB00465,P23219
DB11071,P23219
DB00461,P23219
DB00963,P23219
DB00554,P23219
DB00814,P23219
DB00749,P23219
DB06802,P23219
DB00328,P23219
DB01009,P23219
DB00500,P23219
DB01892,P23219
DB00812,P23219
DB00316,P23219
DB00939,P23219
DB01283,P23219
DB01399,P23219
DB00936,P23219
DB06725,P23219
DB00795,P23219
DB09213,P23219
DB13783,P23219
DB09215,P23219
DB09212,P23219
DB09216,P23219
DB13346,P23219
DB11201,P23219
DB08814,P23219
DB01050,P23219
DB06736,P23219
DB11079,P23219
DB00788,P23219
DB01600,P23219
DB01600,P23219
DB01014,P23219
DB00870,P23219
DB00945,P23219
DB00991,P23219
DB00586,P23219
DB11323,P23219
DB00159,P23219
DB00244,P23219
DB00696,P08908
DB00960,P08908
DB00571,P08908
DB00413,P08908
DB08815,P08908
DB06216,P08908
DB06684,P08908
DB05271,P08908
DB01618,P08908
DB00540,P08908
DB04946,P08908
DB01151,P08908
DB09128,P08908
DB01186,P08908
DB00589,P08908
DB00248,P08908
DB00714,P08908
DB01224,P08908
DB01392,P08908
DB00904,P08908
DB00247,P08908
DB06153,P08908
DB01267,P08908
DB00726,P08908
DB00734,P08908
DB00422,P08908
DB00502,P08908
DB01175,P08908
DB16629,P08908
DB06016,P08908
DB00320,P08908
DB00953,P08908
DB00935,P08908
DB00952,P08908
DB06148,P08908
DB00458,P08908
DB01142,P08908
DB00363,P08908
DB00315,P08908
DB00669,P08908
DB04948,P08908
DB00574,P08908
DB00216,P08908
DB01149,P08908
DB00490,P08908
DB04908,P08908
DB01616,P08908
DB01621,P08908
DB09167,P08908
DB01359,P08908
DB09068,P08908
DB00246,P08908
DB01200,P08908
DB00656,P08908
DB12184,P08908
DB14185,P08908
DB00696,P08913
DB00589,P08913
DB00248,P08913
DB00714,P08913
DB01224,P08913
DB06153,P08913
DB00246,P08913
DB01200,P08913
DB01267,P08913
DB00726,P08913
DB00751,P08913
DB00656,P08913
DB01392,P08913
DB04948,P08913
DB00370,P08913
DB00449,P08913
DB00575,P08913
DB00629,P08913
DB00800,P08913
DB00413,P08913
DB01403,P08913
DB01608,P08913
DB01624,P08913
DB01149,P08913
DB00797,P08913
DB08815,P08913
DB00320,P08913
DB06216,P08913
DB04946,P08913
DB00502,P08913
DB00457,P08913
DB01136,P08913
DB06148,P08913
DB00363,P08913
DB04846,P08913
DB14185,P08913
DB00633,P08913
DB00865,P08913
DB00964,P08913
DB00968,P08913
DB01018,P08913
DB00852,P08913
DB00368,P08913
DB06262,P08913
DB06711,P08913
DB00925,P08913
DB01577,P08913
DB00668,P08913
DB00935,P08913
DB06694,P08913
DB00484,P08913
DB04855,P08913
DB01186,P28223
DB00248,P28223
DB00714,P28223
DB01392,P28223
DB06153,P28223
DB00726,P28223
DB00574,P28223
DB00934,P28223
DB00420,P28223
DB00777,P28223
DB00751,P28223
DB01403,P28223
DB01624,P28223
DB01618,P28223
DB04946,P28223
DB09128,P28223
DB00502,P28223
DB01175,P28223
DB06016,P28223
DB06148,P28223
DB00458,P28223
DB01142,P28223
DB00320,P28223
DB00315,P28223
DB00696,P28223
DB00589,P28223
DB01224,P28223
DB00247,P28223
DB00246,P28223
DB01200,P28223
DB01267,P28223
DB00734,P28223
DB00656,P28223
DB01239,P28223
DB00370,P28223
DB00434,P28223
DB01149,P28223
DB08815,P28223
DB04908,P28223
DB06216,P28223
DB00540,P28223
DB01621,P28223
DB01151,P28223
DB09167,P28223
DB06144,P28223
DB00679,P28223
DB00875,P28223
DB00363,P28223
DB14185,P28223
DB01186,P35368
DB00248,P35368
DB06153,P35368
DB00246,P35368
DB01200,P35368
DB01267,P35368
DB00726,P35368
DB00734,P35368
DB00575,P35368
DB00800,P35368
DB01403,P35368
DB01608,P35368
DB01149,P35368
DB00925,P35368
DB00540,P35368
DB09128,P35368
DB00706,P35368
DB00745,P35368
DB00723,P35368
DB01576,P35368
DB01579,P35368
DB06144,P35368
DB01136,P35368
DB00908,P35368
DB00661,P35368
DB00590,P35368
DB09185,P35368
DB00935,P35368
DB06694,P35368
DB00622,P35368
DB00458,P35368
DB01142,P35368
DB00363,P35368
DB14185,P35368
DB00696,P35368
DB00368,P35368
DB06262,P35368
DB00668,P35368
DB00298,P35368
DB01162,P35368
DB00457,P35368
DB00211,P35368
DB00388,P35368
DB00346,P35368
DB00679,P35368
DB06207,P35368
DB04855,P35368
DB00696,P14416
DB01392,P14416
DB00726,P14416
DB00934,P14416
DB00777,P14416
DB01069,P14416
DB00540,P14416
DB04946,P14416
DB01151,P14416
DB09128,P14416
DB01175,P14416
DB06016,P14416
DB06148,P14416
DB00458,P14416
DB00363,P14416
DB00568,P14416
DB01186,P14416
DB00589,P14416
DB00248,P14416
DB00714,P14416
DB01224,P14416
DB00246,P14416
DB01200,P14416
DB01267,P14416
DB00734,P14416
DB00420,P14416
DB01239,P14416
DB00413,P14416
DB01403,P14416
DB01624,P14416
DB08815,P14416
DB00490,P14416
DB06216,P14416
DB05271,P14416
DB01618,P14416
DB01621,P14416
DB00502,P14416
DB00831,P14416
DB06144,P14416
DB00679,P14416
DB00875,P14416
DB00450,P14416
DB14185,P14416
DB00320,P14416
DB00696,P28335
DB01186,P28335
DB00248,P28335
DB00714,P28335
DB01224,P28335
DB01392,P28335
DB06153,P28335
DB01267,P28335
DB00726,P28335
DB00734,P28335
DB00934,P28335
DB00420,P28335
DB00777,P28335
DB00370,P28335
DB01403,P28335
DB06216,P28335
DB00540,P28335
DB04946,P28335
DB01151,P28335
DB01175,P28335
DB06016,P28335
DB00875,P28335
DB06148,P28335
DB00458,P28335
DB01142,P28335
DB00363,P28335
DB14185,P28335
DB04948,P28335
DB00589,P28335
DB00247,P28335
DB00246,P28335
DB01200,P28335
DB00574,P28335
DB00656,P28335
DB00434,P28335
DB01149,P28335
DB00502,P28335
DB06144,P28335
DB09185,P28335
DB00320,P28335
DB00193,P28335
DB00246,P18089
DB00589,P18089
DB00248,P18089
DB00714,P18089
DB01224,P18089
DB06153,P18089
DB01200,P18089
DB01267,P18089
DB00726,P18089
DB00734,P18089
DB00629,P18089
DB00800,P18089
DB01403,P18089
DB00797,P18089
DB00925,P18089
DB06216,P18089
DB05271,P18089
DB04946,P18089
DB00502,P18089
DB00457,P18089
DB01136,P18089
DB06148,P18089
DB00363,P18089
DB04846,P18089
DB00292,P18089
DB14185,P18089
DB01392,P18089
DB00575,P18089
DB00964,P18089
DB01018,P18089
DB00368,P18089
DB06262,P18089
DB01577,P18089
DB00668,P18089
DB04855,P18089
DB00935,P18089
DB06694,P18089
DB00484,P18089
DB01186,P25100
DB00248,P25100
DB06153,P25100
DB01200,P25100
DB00575,P25100
DB00800,P25100
DB01403,P25100
DB00925,P25100
DB00668,P25100
DB09128,P25100
DB00706,P25100
DB00723,P25100
DB00211,P25100
DB06144,P25100
DB01136,P25100
DB00908,P25100
DB00661,P25100
DB00622,P25100
DB01142,P25100
DB00935,P25100
DB06694,P25100
DB00540,P25100
DB00458,P25100
DB00696,P25100
DB00368,P25100
DB06262,P25100
DB00298,P25100
DB01162,P25100
DB00457,P25100
DB00388,P25100
DB00346,P25100
DB00590,P25100
DB04855,P25100
DB06207,P25100
DB00696,P18825
DB00589,P18825
DB00248,P18825
DB00714,P18825
DB01224,P18825
DB06153,P18825
DB00246,P18825
DB01200,P18825
DB01267,P18825
DB00734,P18825
DB00800,P18825
DB01403,P18825
DB00797,P18825
DB00925,P18825
DB08815,P18825
DB06216,P18825
DB04946,P18825
DB09128,P18825
DB00502,P18825
DB01136,P18825
DB06148,P18825
DB04846,P18825
DB00935,P18825
DB06694,P18825
DB00363,P18825
DB14185,P18825
DB01392,P18825
DB00575,P18825
DB00368,P18825
DB06262,P18825
DB01577,P18825
DB04855,P18825
DB00484,P18825
DB01224,P11229
DB00246,P11229
DB00342,P11229
DB00354,P11229
DB00835,P11229
DB00420,P11229
DB01069,P11229
DB00434,P11229
DB01403,P11229
DB01618,P11229
DB09128,P11229
DB01175,P11229
DB09185,P11229
DB00875,P11229
DB00622,P11229
DB01142,P11229
DB00940,P11229
DB00363,P11229
DB00280,P11229
DB06709,P11229
DB00193,P11229
DB00934,P11229
DB01239,P11229
DB01151,P11229
DB00458,P11229
DB14185,P11229
DB00767,P11229
DB00777,P11229
DB00245,P11229
DB09167,P11229
DB12278,P11229
DB06153,P11229
DB00421,P06401
DB11619,P06401
DB13867,P06401
DB08867,P06401
DB00396,P06401
DB14583,P06401
DB00367,P06401
DB01395,P06401
DB00717,P06401
DB00351,P06401
DB11219,P06401
DB11064,P06401
DB01428,P06401
DB12941,P06401
DB14512,P06401
DB08906,P06401
DB00588,P06401
DB00304,P06401
DB00378,P06401
DB00603,P06401
DB00834,P06401
DB00957,P06401
DB00294,P06401
DB00823,P06401
DB01406,P06401
DB06713,P06401
DB06789,P06401
DB09389,P06401
DB09123,P06401
DB09124,P06401
DB00918,P28222
DB00960,P28222
DB00571,P28222
DB01186,P28222
DB00589,P28222
DB00248,P28222
DB00714,P28222
DB01224,P28222
DB01392,P28222
DB00904,P28222
DB00247,P28222
DB01359,P28222
DB06153,P28222
DB08804,P28222
DB00935,P28222
DB00246,P28222
DB01200,P28222
DB06216,P28222
DB00363,P28222
DB14185,P28222
DB00216,P28222
DB00315,P28222
DB00669,P28222
DB00696,P28222
DB09068,P28222
DB00952,P28222
DB00320,P28222
DB00953,P28222
DB00998,P28222
DB08867,P10275
DB00421,P10275
DB00396,P10275
DB11619,P10275
DB00367,P10275
DB00717,P10275
DB02266,P10275
DB01708,P10275
DB01608,P10275
DB00957,P10275
DB06713,P10275
DB09389,P10275
DB11219,P10275
DB11064,P10275
DB01428,P10275
DB09123,P10275
DB01026,P10275
DB14583,P10275
DB01395,P10275
DB01185,P10275
DB00624,P10275
DB13944,P10275
DB08804,P10275
DB01406,P10275
DB12941,P10275
DB13943,P10275
DB12499,P10275
DB00573,P37231
DB02266,P37231
DB00795,P37231
DB09213,P37231
DB00731,P37231
DB00912,P37231
DB01067,P37231
DB01118,P37231
DB04224,P37231
DB13873,P37231
DB00845,P37231
DB01050,P37231
DB11672,P37231
DB00313,P37231
DB00132,P37231
DB05187,P37231
DB00132,P37231
DB00197,P37231
DB00412,P37231
DB01132,P37231
DB00966,P37231
DB01393,P37231
DB01014,P37231
DB03756,P37231
DB00159,P37231
DB00244,P37231
DB01224,P20309
DB06153,P20309
DB00246,P20309
DB00342,P20309
DB00835,P20309
DB01069,P20309
DB00434,P20309
DB01403,P20309
DB00502,P20309
DB09185,P20309
DB00622,P20309
DB01142,P20309
DB00940,P20309
DB00363,P20309
DB00280,P20309
DB00193,P20309
DB00934,P20309
DB01239,P20309
DB01151,P20309
DB00458,P20309
DB14185,P20309
DB00767,P20309
DB00777,P20309
DB09167,P20309
DB12278,P20309
DB06709,P20309
DB01075,P08172
DB01224,P08172
DB06153,P08172
DB00246,P08172
DB00342,P08172
DB00835,P08172
DB01069,P08172
DB00434,P08172
DB01403,P08172
DB09185,P08172
DB00622,P08172
DB01142,P08172
DB00940,P08172
DB00363,P08172
DB00280,P08172
DB00934,P08172
DB01239,P08172
DB01151,P08172
DB00458,P08172
DB14185,P08172
DB00767,P08172
DB00777,P08172
DB09167,P08172
DB12278,P08172
DB06709,P08172
DB00918,P28221
DB01186,P28221
DB00589,P28221
DB00248,P28221
DB00714,P28221
DB01224,P28221
DB01392,P28221
DB01200,P28221
DB01267,P28221
DB00726,P28221
DB00734,P28221
DB00935,P28221
DB00363,P28221
DB14185,P28221
DB04948,P28221
DB00216,P28221
DB00315,P28221
DB00669,P28221
DB00696,P28221
DB00246,P28221
DB00574,P28221
DB00952,P28221
DB00320,P28221
DB00953,P28221
DB00998,P28221
DB00573,Q07869
DB02266,Q07869
DB09213,Q07869
DB00197,Q07869
DB00412,Q07869
DB01118,Q07869
DB04224,Q07869
DB00313,Q07869
DB00132,Q07869
DB05187,Q07869
DB01708,Q07869
DB03796,Q07869
DB03193,Q07869
DB09064,Q07869
DB01050,Q07869
DB00328,Q07869
DB00159,Q07869
DB00132,Q07869
DB01393,Q07869
DB13873,Q07869
DB01039,Q07869
DB00636,Q07869
DB01241,Q07869
DB03756,Q07869
DB00248,P35462
DB01224,P35462
DB01392,P35462
DB00246,P35462
DB01267,P35462
DB01403,P35462
DB00490,P35462
DB06216,P35462
DB04946,P35462
DB09128,P35462
DB00502,P35462
DB06016,P35462
DB00875,P35462
DB06148,P35462
DB00363,P35462
DB14185,P35462
DB00320,P35462
DB01186,P35462
DB00589,P35462
DB00714,P35462
DB01200,P35462
DB01239,P35462
DB00413,P35462
DB05271,P35462
DB00589,P34969
DB00248,P34969
DB01224,P34969
DB00247,P34969
DB00246,P34969
DB01200,P34969
DB01267,P34969
DB00734,P34969
DB00934,P34969
DB00434,P34969
DB00751,P34969
DB08815,P34969
DB06216,P34969
DB04946,P34969
DB09128,P34969
DB00502,P34969
DB00953,P34969
DB06148,P34969
DB00458,P34969
DB00363,P34969
DB14185,P34969
DB04948,P34969
DB00315,P34969
DB09068,P34969
DB09068,P23975
DB00422,P23975
DB01175,P23975
DB01364,P23975
DB06148,P23975
DB00245,P23975
DB00726,P23975
DB00934,P23975
DB01114,P23975
DB01173,P23975
DB00852,P23975
DB01149,P23975
DB01577,P23975
DB00540,P23975
DB01151,P23975
DB09167,P23975
DB16629,P23975
DB01576,P23975
DB01579,P23975
DB09185,P23975
DB00458,P23975
DB01142,P23975
DB00193,P23975
DB00589,P21728
DB00248,P21728
DB00714,P21728
DB01224,P21728
DB00246,P21728
DB01200,P21728
DB01267,P21728
DB00734,P21728
DB01403,P21728
DB06216,P21728
DB05271,P21728
DB04946,P21728
DB00502,P21728
DB00363,P21728
DB14185,P21728
DB01186,P21728
DB01239,P21728
DB00800,P21728
DB01608,P21728
DB01624,P21728
DB01621,P21728
DB00679,P21728
DB00875,P21728
DB00342,Q12809
DB00455,Q12809
DB00557,Q12809
DB00637,Q12809
DB00661,Q12809
DB00458,Q12809
DB01149,Q12809
DB01162,Q12809
DB00457,Q12809
DB06144,Q12809
DB00679,Q12809
DB01136,Q12809
DB00908,Q12809
DB01142,Q12809
DB01026,Q12809
DB00280,Q12809
DB01035,Q12809
DB01195,Q12809
DB06217,Q12809
DB11642,Q12809
DB04855,Q12809
DB00252,Q12809
DB01035,Q14524
DB00908,Q14524
DB04855,Q14524
DB00473,Q14524
DB00527,Q14524
DB00252,Q14524
DB00192,Q14524
DB00280,Q14524
DB00379,Q14524
DB00532,Q14524
DB00680,Q14524
DB00740,Q14524
DB00754,Q14524
DB00868,Q14524
DB01195,Q14524
DB01228,Q14524
DB01320,Q14524
DB01426,Q14524
DB06217,Q14524
DB00281,Q14524
DB00750,Q14524
DB01224,P08173
DB00246,P08173
DB00342,P08173
DB00835,P08173
DB01069,P08173
DB01403,P08173
DB09185,P08173
DB12278,P08173
DB00622,P08173
DB01142,P08173
DB00940,P08173
DB00363,P08173
DB06709,P08173
DB00934,P08173
DB01239,P08173
DB01151,P08173
DB00458,P08173
DB14185,P08173
DB00767,P08173
DB00777,P08173
DB09167,P08173
DB01224,P08912
DB00246,P08912
DB00342,P08912
DB00835,P08912
DB01069,P08912
DB01403,P08912
DB00622,P08912
DB01142,P08912
DB00940,P08912
DB00363,P08912
DB06709,P08912
DB00934,P08912
DB01239,P08912
DB01151,P08912
DB00458,P08912
DB14185,P08912
DB00767,P08912
DB00777,P08912
DB09167,P08912
DB12278,P08912
DB01114,P31645
DB00661,P31645
DB06148,P31645
DB00245,P31645
DB09068,P31645
DB00726,P31645
DB00574,P31645
DB00656,P31645
DB00852,P31645
DB01149,P31645
DB01577,P31645
DB06684,P31645
DB00540,P31645
DB01151,P31645
DB09167,P31645
DB01175,P31645
DB00458,P31645
DB01142,P31645
DB00193,P31645
DB00396,P03372
DB11619,P03372
DB00624,P03372
DB13944,P03372
DB01708,P03372
DB11219,P03372
DB11064,P03372
DB01428,P03372
DB04824,P03372
DB00367,P03372
DB01185,P03372
DB01108,P03372
DB09070,P03372
DB00304,P03372
DB00603,P03372
DB00957,P03372
DB00823,P03372
DB01406,P03372
DB00248,P21917
DB01224,P21917
DB00246,P21917
DB01200,P21917
DB01267,P21917
DB01403,P21917
DB00490,P21917
DB06216,P21917
DB04946,P21917
DB00875,P21917
DB00363,P21917
DB14185,P21917
DB00320,P21917
DB01186,P21917
DB00589,P21917
DB00714,P21917
DB00413,P21917
DB04908,P21917
DB05271,P21917
DB00696,P41595
DB01186,P41595
DB00589,P41595
DB00248,P41595
DB00714,P41595
DB01392,P41595
DB06153,P41595
DB01200,P41595
DB00434,P41595
DB06216,P41595
DB09128,P41595
DB06016,P41595
DB06148,P41595
DB01142,P41595
DB00320,P41595
DB00315,P41595
DB00574,P41595
DB00247,P41595
DB09185,P41595
DB13943,P03372
DB00421,O75469
DB14649,O75469
DB01393,O75469
DB13873,O75469
DB01892,O75469
DB00163,O75469
DB14002,O75469
DB01039,O75469
DB01708,O75469
DB00834,O75469
DB00252,O75469
DB06777,O75469
DB01026,O75469
DB04824,O75469
DB00532,O75469
DB00754,O75469
DB01234,O75469
DB14001,O75469
DB00328,P08235
DB13867,P08235
DB01023,P08235
DB00393,P08235
DB00624,P08235
DB13944,P08235
DB13943,P08235
DB08906,P08235
DB00588,P08235
DB01013,P08235
DB15114,P08235
DB00687,P08235
DB00421,P08235
DB00396,P08235
DB01395,P08235
DB00700,P08235
DB16165,P08235
DB00248,P07550
DB00852,P07550
DB00925,P07550
DB06216,P07550
DB04946,P07550
DB01151,P07550
DB01136,P07550
DB09185,P07550
DB00960,P07550
DB00571,P07550
DB01359,P07550
DB00449,P07550
DB00368,P07550
DB06262,P07550
DB00668,P07550
DB01364,P07550
DB04846,P07550
DB14669,P04083
DB14649,P04083
DB01222,P04083
DB01380,P04083
DB00288,P04083
DB14631,P04083
DB01013,P04083
DB00959,P04083
DB01234,P04083
DB00591,P04083
DB14541,P04083
DB14542,P04083
DB14539,P04083
DB00741,P04083
DB14540,P04083
DB14543,P04083
DB14544,P04083
DB00726,Q01959
DB01114,Q01959
DB01146,Q01959
DB06148,Q01959
DB00458,Q01959
DB01175,Q01959
DB00245,Q01959
DB00865,Q01959
DB00852,Q01959
DB01149,Q01959
DB01577,Q01959
DB00422,Q01959
DB16629,Q01959
DB00745,Q01959
DB01576,Q01959
DB00721,Q01959
DB00972,P25021
DB01069,P25021
DB00434,P25021
DB00797,P25021
DB06216,P25021
DB09185,P25021
DB00768,P25021
DB00751,P25021
DB01142,P25021
DB00272,P25021
DB00501,P25021
DB00585,P25021
DB00927,P25021
DB00940,P25021
DB05381,P25021
DB00863,P25021
DB00248,P08588
DB09068,P08588
DB00852,P08588
DB06216,P08588
DB04946,P08588
DB01151,P08588
DB04855,P08588
DB00960,P08588
DB00571,P08588
DB01359,P08588
DB00368,P08588
DB06262,P08588
DB00668,P08588
DB01136,P08588
DB01364,P08588
DB04846,P08588
DB01017,P09917
DB01892,P09917
DB11994,P09917
DB00159,P09917
DB14001,P09917
DB00471,P09917
DB00163,P09917
DB14002,P09917
DB00179,P09917
DB01014,P09917
DB00744,P09917
DB00244,P09917
DB00939,P09917
DB00795,P09917
DB00233,P09917
DB00711,P09917
DB01173,Q9Y5Y9
DB00473,Q9Y5Y9
DB06218,Q9Y5Y9
DB00296,Q9Y5Y9
DB00721,Q9Y5Y9
DB00645,Q9Y5Y9
DB00807,Q9Y5Y9
DB00892,Q9Y5Y9
DB00961,Q9Y5Y9
DB01002,Q9Y5Y9
DB01086,Q9Y5Y9
DB00527,Q9Y5Y9
DB00281,Q9Y5Y9
DB00297,Q9Y5Y9
DB00132,P19793
DB00412,P19793
DB01393,P19793
DB04224,P19793
DB00132,P19793
DB01436,P19793
DB00749,P19793
DB00755,P19793
DB00459,P19793
DB00523,P19793
DB00926,P19793
DB00307,P19793
DB03756,P19793
DB00210,P19793
DB00248,P21918
DB00714,P21918
DB01224,P21918
DB00246,P21918
DB01200,P21918
DB01403,P21918
DB05271,P21918
DB04946,P21918
DB00363,P21918
DB14185,P21918
DB01186,P21918
DB00589,P21918
DB00800,P21918
DB01624,P21918
DB00605,Q03181
DB00313,Q03181
DB00132,Q03181
DB00197,Q03181
DB00412,Q03181
DB04224,Q03181
DB13873,Q03181
DB00132,Q03181
DB05187,Q03181
DB01393,Q03181
DB00374,Q03181
DB00159,Q03181
DB06176,Q92769
DB01076,Q92769
DB00641,Q92769
DB01095,Q92769
DB00175,Q92769
DB00313,Q92769
DB00227,Q92769
DB00277,Q92769
DB01303,Q92769
DB09091,Q92769
DB02546,Q92769
DB01223,Q92769
DB00490,P35348 P35368 P25100
DB01175,P35348 P35368 P25100
DB00457,P35348 P35368 P25100
DB01151,P35348 P35368 P25100
DB09167,P35348 P35368 P25100
DB00346,P35348 P35368 P25100
DB00370,P35348 P35368 P25100
DB06148,P35348 P35368 P25100
DB00934,P35348 P35368 P25100
DB01136,P35348 P35368 P25100
DB01224,P35348 P35368 P25100
DB00320,P35348 P35368 P25100
DB00996,P30542
DB00651,P30542
DB00824,P30542
DB00806,P30542
DB11757,P30542
DB00277,P30542
DB01223,P30542
DB00640,P30542
DB00201,P30542
DB01303,P30542
DB00193,P30542
DB01224,P50406
DB00246,P50406
DB06216,P50406
DB04946,P50406
DB00502,P50406
DB06148,P50406
DB00458,P50406
DB01142,P50406
DB00363,P50406
DB14185,P50406
DB06144,P50406
DB15035,O60674
DB15822,O60674
DB11986,O60674
DB14973,O60674
DB08877,O60674
DB12500,O60674
DB11697,O60674
DB11817,O60674
DB11763,O60674
DB08895,O60674
DB00412,P28702
DB01393,P28702
DB00459,P28702
DB00523,P28702
DB00926,P28702
DB00307,P28702
DB00799,P28702
DB03756,P28702
DB00210,P28702
DB00755,P28702
DB00696,P30939
DB00247,P30939
DB06148,P30939
DB00953,P30939
DB00216,P30939
DB00315,P30939
DB00669,P30939
DB11732,P30939
DB00952,P30939
DB00320,P30939
DB15822,P23458
DB12500,P23458
DB08877,P23458
DB14845,P23458
DB11817,P23458
DB15091,P23458
DB14973,P23458
DB11763,P23458
DB08895,P23458
DB00412,P48443
DB01393,P48443
DB00459,P48443
DB00523,P48443
DB00926,P48443
DB00307,P48443
DB03756,P48443
DB00210,P48443
DB00755,P48443
DB00982,P13631
DB00459,P13631
DB00523,P13631
DB00926,P13631
DB00799,P13631
DB12808,P13631
DB05467,P13631
DB00210,P13631
DB00755,P13631
DB00159,Q8NER1
DB00316,Q8NER1
DB00193,Q8NER1
DB00132,Q8NER1
DB09120,Q8NER1
DB01744,Q8NER1
DB06774,Q8NER1
DB00132,Q8NER1
DB12808,P10276
DB00982,P10276
DB00210,P10276
DB00459,P10276
DB00523,P10276
DB00926,P10276
DB00799,P10276
DB00755,P10276
DB01708,Q14994
DB00366,Q14994
DB00737,Q14994
DB04540,Q14994
DB01026,Q14994
DB04824,Q14994
DB01620,Q14994
DB01076,Q14994
DB05219,P27815
DB01088,P27815
DB00277,P27815
DB00651,P27815
DB00824,P27815
DB00975,P27815
DB06751,P27815
DB01303,P27815
DB01023,P0DP23
DB01069,P0DP23
DB00925,P0DP23
DB00831,P0DP23
DB00622,P0DP23
DB00527,P0DP23
DB04209,P0DP23
DB04841,P0DP23
DB01186,P08913 P18089 P18825
DB00934,P08913 P18089 P18825
DB00540,P08913 P18089 P18825
DB01151,P08913 P18089 P18825
DB01175,P08913 P18089 P18825
DB09167,P08913 P18089 P18825
DB00651,P29274
DB00824,P29274
DB11757,P29274
DB00277,P29274
DB00640,P29274
DB00201,P29274
DB00806,P29274
DB01303,P29274
DB00315,P28566
DB01224,P28566
DB00247,P28566
DB00246,P28566
DB00363,P28566
DB14185,P28566
DB00439,P04035
DB01095,P04035
DB00175,P04035
DB01098,P04035
DB00227,P04035
DB08860,P04035
DB01076,P04035
DB00641,P04035
DB15071,P34995
DB00297,P34995
DB00905,P34995
DB00929,P34995
DB00917,P34995
DB00770,P34995
DB00429,P34995
DB01088,P34995
DB00320,P28566
DB00953,P28566
DB00320,P08913 P18089 P18825
DB00193,P08913 P18089 P18825
DB01023,Q13936
DB00393,Q13936
DB00568,Q13936
DB00661,Q13936
DB12278,Q13936
DB04855,Q13936
DB00622,Q13936
DB15035,P52333
DB08877,P52333
DB00368,Q05940
DB00502,Q05940
DB05381,Q05940
DB00865,Q05940
DB01577,Q05940
DB01576,Q05940
DB06706,Q05940
DB12808,P10826
DB00459,P10826
DB00523,P10826
DB00926,P10826
DB00799,P10826
DB00605,Q9Y5Y4
DB04828,Q9Y5Y4
DB12789,Q9Y5Y4
DB00917,Q9Y5Y4
DB00770,Q9Y5Y4
DB01088,Q9Y5Y4
DB00328,Q9Y5Y4
DB14541,P80365
DB14542,P80365
DB01185,P80365
DB00201,Q07343
DB01113,Q07343
DB05219,Q07343
DB01088,Q07343
DB00277,Q07343
DB00651,Q07343
DB00824,Q07343
DB01224,P46098
DB00726,P46098
DB00363,P46098
DB14185,P46098
DB00904,P46098
DB09068,P46098
DB00721,P46098
DB14541,P14060
DB14542,P14060
DB14539,P14060
DB14540,P14060
DB14543,P14060
DB14544,P14060
DB01108,P14060
DB14973,P52333
DB11763,P52333
DB11817,P52333
DB08895,P52333
DB14924,P52333
DB00210,P10826
DB00755,P10826
DB00374,Q9H244
DB00208,Q9H244
DB00758,Q9H244
DB06209,Q9H244
DB06441,Q9H244
DB08816,Q9H244
DB01240,Q9H244
DB14539,P80365
DB14540,P80365
DB14543,P80365
DB14544,P80365
DB00654,P43088
DB01160,P43088
DB11660,P43088
DB00905,P43088
DB00287,P43088
DB08819,P43088
DB08964,P43116
DB00374,P43116
DB00929,P43116
DB00917,P43116
DB15071,P43116
DB00770,P43116
DB11817,P29597
DB14973,P29597
DB11763,P29597
DB08895,P29597
DB08877,P29597
DB16650,P29597
DB14649,P35228
DB11327,P35228
DB01017,P35228
DB08814,P35228
DB00248,P21728 P21918
DB00726,P21728 P21918
DB00696,P21728 P21918
DB00568,P21728 P21918
DB06148,P21728 P21918
DB00458,P21728 P21918
DB00960,P13945
DB00571,P13945
DB00320,P13945
DB00368,P13945
DB06262,P13945
DB04846,P13945
DB01234,P35228
DB00244,P35228
DB00661,O95180
DB00622,O95180
DB01023,O95180
DB00568,O95180
DB04841,O95180
DB00568,Q01668
DB01023,Q01668
DB00393,Q01668
DB04855,Q01668
DB00622,Q01668
DB12371,P21453
DB12016,P21453
DB08868,P21453
DB14766,P21453
DB12612,P21453
DB00818,Q99250
DB13520,Q99250
DB13908,Q99250
DB00252,Q99250
DB00193,Q99250
DB00396,P04278
DB11619,P04278
DB00367,P04278
DB00179,P04278
DB04824,P04278
DB15822,P36888
DB12500,P36888
DB11697,P36888
DB08964,P43115
DB01160,P43119
DB11362,P43119
DB00374,P43119
DB01240,P43119
DB01088,P43119
DB00396,P41145
DB00370,P41145
DB06148,P41145
DB00193,P41145
DB00497,P41145
DB01098,P20701
DB00227,P20701
DB08860,P20701
DB00641,P20701
DB11611,P20701
DB06148,Q9H3N8
DB01142,Q9H3N8
DB05381,Q9H3N8
DB00363,Q9H3N8
DB01620,Q9H3N8
DB00396,Q92731
DB01708,Q92731
DB11219,Q92731
DB01428,Q92731
DB01108,Q92731
DB00132,Q96RI1
DB06777,Q96RI1
DB00132,Q96RI1
DB01586,Q96RI1
DB05990,Q96RI1
DB11763,P36888
DB12978,P36888
DB00905,P43115
DB00929,P43115
DB00917,P43115
DB00770,P43115
DB00583,P47989
DB01250,P47989
DB04854,P47989
DB00437,P47989
DB01118,Q9P0X4
DB00622,Q9P0X4
DB04841,Q9P0X4
DB00568,Q9P0X4
DB00661,O43497
DB00622,O43497
DB00568,O43497
DB04841,O43497
DB01023,Q08289
DB00393,Q08289
DB04855,Q08289
DB00622,Q08289
DB00568,Q13698
DB04855,Q13698
DB01023,Q13698
DB00393,Q13698
DB12371,Q9H228
DB08868,Q9H228
DB14766,Q9H228
DB12612,Q9H228
DB00132,P32418
DB00132,P32418
DB04855,P32418
DB00159,P32418
DB00280,Q9UK17
DB00458,Q9UK17
DB04855,Q9UK17
DB06217,Q9UK17
DB00945,O14920
DB00244,O14920
DB00795,O14920
DB00995,O14920
DB00768,Q9Y5N1
DB06698,Q9Y5N1
DB11642,Q9Y5N1
DB05381,Q9Y5N1
DB00824,P0DMS8
DB01223,P0DMS8
DB00640,P0DMS8
DB00201,P0DMS8
DB00640,P29275
DB00201,P29275
DB00824,P29275
DB00277,P29275
DB00726,P08909
DB00656,P08909
DB00540,P08909
DB00935,P08909
DB00393,O60840
DB00568,O60840
DB04855,O60840
DB01023,P54289
DB00996,P54289
DB00622,P54289
DB04540,P11473
DB01436,P11473
DB00796,P30556
DB01029,P30556
DB00966,P30556
DB00852,P01375
DB00668,P01375
DB08910,P01375
DB00818,P35499
DB00281,P35499
DB01195,P35499
DB01708,Q99720
DB00502,Q99720
DB00198,Q99519
DB00945,Q99519
DB00482,Q99519
DB00163,Q9UDX4
DB14002,Q9UDX4
DB14001,Q9UDX4
DB00163,O76054
DB14002,O76054
DB14001,O76054
DB00163,P05771
DB14002,P05771
DB14001,P05771
DB00163,P17252
DB14002,P17252
DB14001,P17252
DB00929,P35408
DB00917,P35408
DB00770,P35408
DB00591,P04054
DB00972,P04054
DB00795,P04054
DB00852,P19838
DB00795,P19838
DB08814,P19838
DB01093,P01106
DB03756,P01106
DB00945,P01106
DB00904,P35372
DB00497,P35372
DB00193,P35372
DB00726,"P11229 P08172 P20309 P08173 	P08912"
DB00366,"P11229 P08172 P20309 P08173 	P08912"
DB00568,"P11229 P08172 P20309 P08173 	P08912"
DB00412,O60488
DB00159,O60488
DB00197,O60488
DB00233,O15111
DB00795,O15111
DB00244,O15111
DB13346,Q9UBN7
DB06176,Q9UBN7
DB02546,Q9UBN7
DB08868,Q13547
DB02546,Q13547
DB06176,Q13547
DB00197,P09211
DB00363,P09211
DB00363,P14867
DB00292,P14867
DB01198,P14867
DB00159,O60427
DB00132,O60427
DB00132,O60427
DB13867,P47712
DB00721,P47712
DB00588,P47712
DB09213,P13569
DB01050,P13569
DB00887,P13569
DB00277,O76074
DB00975,O76074
DB00277,Q14432
DB01223,Q14432
DB01303,Q14432
DB05219,Q08499
DB01088,Q08499
DB00651,Q08499
DB05219,Q08493
DB01088,Q08493
DB00651,Q08493
DB01113,Q9Y233
DB08814,Q9Y233
DB00975,Q9Y233
DB00726,P08588 P07550 P13945
DB00540,P08588 P07550 P13945
DB01118,P08588 P07550 P13945
DB00731,Q09428
DB00912,Q09428
DB01067,Q09428
DB00393,P35869
DB00379,P35869
DB01132,P27338
DB09185,P27338
DB01577,P27338
DB00458,P19652
DB00280,P19652
DB00281,P19652
DB00396,P02763
DB00975,P02763
DB00281,P02763
DB00449,P22303
DB00863,P22303
DB14006,P22303
DB11672,P11473
DB11672,P09211
DB00820,O76074
DB01076,P35869
DB00574,Q99720
DB00393,O00305
DB04855,O00305
DB00393,P54284
DB04855,P54284
DB00393,Q02641
DB04855,Q02641
DB00996,Q9NY47
DB01023,Q9NY47
DB01017,P15692
DB01136,P15692
DB01576,Q96RJ0
DB15035,P42681
DB14924,P42681
DB15035,P42680
DB14924,P42680
DB15035,Q08881
DB14924,Q08881
DB14924,Q06187
DB15035,Q06187
DB00361,P07437
DB06137,P07437
DB01023,P63316
DB00831,P63316
DB01029,P05412
DB01577,Q96RJ0
DB09213,P00750
DB09213,P07204
DB01050,P07204
DB00396,P05093
DB01026,P05093
DB08868,O95977
DB14766,O95977
DB06218,Q15858
DB00281,Q15858
DB06218,Q9NY46
DB00252,Q9NY46
DB09213,P31151
DB01050,P31151
DB00480,Q96SW2
DB08910,Q96SW2
DB00812,Q16647
DB00939,O43525
DB00996,O43525
DB00637,O95259
DB00458,O95259
DB00280,Q9NZV8
DB00458,Q9NZV8
DB15822,P09619
DB09213,P07359
DB01050,P07359
DB01113,Q01064 Q08499 Q13370 O76074
DB00201,Q01064 Q08499 Q13370 O76074
DB00368,P00439
DB06262,P00439
DB00661,P08183
DB00603,P08183
DB00337,P62942
DB00864,P62942
DB14649,P51843
DB15822,Q16288
DB11986,Q16288
DB00363,Q9NYX4
DB00831,Q9NYX4
DB14006,P36544
DB00193,P36544
DB04224,P02689
DB03796,P02689
DB01168,P21397 P27338
DB00721,P21397 P27338
DB13873,Q9NPA2
DB01039,Q9NPA2
DB04743,P02788
DB08439,P02788
DB01296,P01579
DB01250,P01579
DB15822,P04629
DB11986,P04629
DB01118,Q12809 Q9H252 Q9NS40
DB01020,P33402
DB04743,Q9NZK7
DB00233,Q9NZK7
DB11619,P30968
DB01406,P30968
DB01173,Q8TCU5
DB00721,Q8TCU5
DB09213,P12104
DB01050,P12104
DB00132,O95864
DB00132,O95864
DB15035,P00533
DB00281,P00533
DB00132,Q9NYP7
DB00132,Q9NYP7
DB00132,Q9NXB9
DB00132,Q9NXB9
DB00773,Q02880
DB00997,Q02880
DB00773,P11388
DB00997,P11388
DB00721,P26358
DB01035,P26358
DB00193,P41143
DB00497,P41143
DB15035,P51813
DB14924,P51813
DB00795,Q9UPY5
DB00740,Q9UPY5
DB00471,Q9Y271
DB00368,P54219
DB01577,P54219
DB14006,P06276
DB00449,P06276
DB01017,P42574
DB00945,P42574
DB01017,P29466
DB00945,P29466
DB00582,P07451
DB00482,P07451
DB00581,P00918
DB00482,P00918
DB00486,P34972
DB00470,P34972
DB00486,P21554
DB00470,P21554
DB01023,Q01064
DB00622,Q01064
DB01023,P54750
DB00622,P54750
DB09213,P10415
DB01050,P10415
DB09185,P21397
DB01577,P21397
DB01069,P35348 P35368 P25100 P08913 P18089 P18825
DB01576,P35348 P35368 P25100 P08913 P18089 P18825
DB02266,P42330
DB00328,P42330
DB06777,P52895
DB01586,P52895
DB00936,Q04828
DB00945,Q04828
DB00246,P47898
DB06216,P47898
DB00904,Q13639
DB00320,Q13639
DB00367,P18405
DB09389,P18405
DB00210,P05412
DB01088,P00750
DB01240,Q16647
DB12978,P09619
DB01234,P51843
DB08931,P33402
DB00549,Q9Y271
DB06819,Q13547 Q969S8 Q96DB2 Q92769 O15379 P56524 Q9UQL6 Q9UBN7 Q8WUI4 Q9BY41 Q9UKV0
DB09096,P17252 P05771 Q05655 Q02156 P05129 P41743 Q04759 Q05513
DB04209,P17252 P05771 Q05655 Q02156 P05129 P41743 Q04759 Q05513
DB06207,Q12809 Q9H252 Q9NS40
DB12645,Q13547 Q969S8 Q96DB2 Q92769 O15379 P56524 Q9UQL6 Q9UBN7 Q8WUI4 Q9BY41 Q9UKV0
DB01250,P23219 P35354
DB00328,P23219 P35354
DB05260,P21281
DB00661,O00555
DB00661,Q00975
DB00996,A0A024R8I1 Q00975
DB00464,P07225
DB00464,P04070
DB09059,P30518
DB09059,P47901
DB09059,P37288
DB15822,P35968
DB01136,P19320
DB04824,O60656
DB15035,P06239
DB15035,P42685
DB15035,P09769
DB15035,P51451
DB00480,O14788
DB00277,Q9Y4R7
DB12095,Q8IWU9
DB01023,P02585
DB09019,O15393
DB01198,P30536
DB01744,Q8NET8
DB01744,Q7Z2W7
DB00179,Q96QT4
DB01744,O75762
DB01162,P01137
DB01296,Q04206
DB03796,O43617
DB00210,O60603
DB04855,P10827
DB01118,P10827 P10828
DB00563,P04818
DB01250,P51580
DB00313,P51649
DB03756,P36956
DB00197,P11474
DB01026,P08686
DB08868,Q99500
DB01151,P17405
DB01241,O94956
DB01241,Q9NPD5
DB01241,Q9Y6L6
DB01241,Q8TCC7
DB00583,O76082
DB00583,Q9H015
DB09213,P46059
DB00887,Q9H2X9
DB00887,Q9UP95
DB00887,P55011
DB00887,Q13621
DB00252,Q07699
DB00252,Q9UQD0
DB00252,P35498
DB04209,Q9UGI6
DB00540,O00264 Q99720
DB00198,Q9Y3R4
DB00313,P45954
DB06713,P02768
DB00201,Q13315
DB00163,P62714
DB00163,P67775
DB00337,P42345
DB00163,Q9UDX3
DB01195,Q92736
DB00201,P21817
DB00945,P51812
DB03796,P08100
DB00755,P02753
DB00459,P09455
DB00755,Q8NFJ5
DB00755,P49788
DB00820,P18545
DB00755,O94788
DB00755,P00352
DB00350,P00797
DB15035,Q15303
DB15035,P04626
DB00993,P63000
DB01406,Q96P88
DB06137,P12931
DB11986,P08922
DB15822,P07949
DB08804,P01100
DB15035,Q13882
DB00768,P04271
DB00831,P26447
DB00768,P29034
DB00768,Q99584
DB00768,P80511
DB00768,P23297
DB00277,Q7Z5B4
DB00188,P28074
DB00188,P20618
DB00834,P07288
DB00328,Q8N8N7
DB00316,Q15185
DB00374,Q13258
DB06774,Q99623
DB00313,Q9NZQ7
DB00364,P01133
DB00523,Q15238
DB00213,P20648
DB00996,Q9NR82
DB00939,O43526
DB04855,P51787
DB01162,Q9NS40
DB01162,Q9H252
DB06217,P22460
DB00845,P22001
DB00908,Q9Y257
DB04855,O95069
DB00908,O00180
DB00277,P09874
DB00197,P05121
DB14006,O14939
DB14006,Q13393
DB00328,P14555
DB00201,O00329
DB00201,P42338
DB00201,P42336
DB01118,Q86YN6
DB00583,Q9UKG9
DB00995,P30044
DB03796,P50897
DB11994,P55055
DB11994,Q13133
DB00313,P11926
DB13615,Q9HC29
DB00997,Q14978
DB04540,P35398
DB00852,O95644
DB00795,Q00653
DB00277,Q15155
DB00945,P25963
DB01106,O95665
DB00721,Q15822
DB00193,P25103
DB00198,P11485
DB01136,P16860
DB01136,O95298
DB00583,P05164
DB00540,P11229 P08172 P20309 P08173 P08912
DB06176,P33527
DB01093,Q8WXI7
DB00605,P27361
DB00583,Q8N8R3
DB00583,O43772
DB00277,Q8TCT9
DB00637,P10636
DB00502,Q99705
DB01017,P14780
DB12978,P10721
DB12978,P07333
DB00583,P23141
DB00755,P31025
DB00972,Q16873
DB00328,Q04760
DB01136,P48050
DB01136,P63252
DB04855,Q14500 Q9UNX9 P63252 P48050
DB01093,Q01344
DB14910,Q9NPF7
DB00852,P60568
DB01017,P01584
DB00328,P19525
DB00523,P17936
DB08804,P08069
DB00201,Q14643 Q14571 Q14573
DB00688,P20839
DB01033,P20839 P12268
DB01136,Q16665
DB01033,P00492
DB00313,Q9UKV0
DB02546,Q9BY41
DB06176,P56524
DB02546,O15379
DB13346,Q969S8
DB03796,Q14541
DB00313,P14210
DB03193,Q9UNK4
DB06777,Q8TDU6
DB03796,P09466
DB01173,O60391
DB01173,O15399
DB00502,Q13224
DB01173,Q05586
DB13928,P43220
DB01136,P17302
DB00363,O75899
DB00363,Q9UBS5
DB00363,Q8N1C3
DB00818,P28472
DB00818,P47870
DB00363,P18505
DB01198,P31644
DB01198,P34903
DB01198,P47869
DB00945,P24385
DB04855,P48549
DB00159,O14842
DB15822,P21802
DB15822,P11362
DB00364,P09038
DB00159,O15540
DB00884,P14324
DB00197,P62508
DB01176,P49888
DB00421,P03372 Q92731
DB01136,P16581
DB00197,Q99808
DB15822,Q08345
DB00945,P25101
DB11328,Q9UNN8
DB00533,P15502
DB04847,Q9H6Z9
DB04847,Q96KS0
DB04847,Q9GZT9
DB08911,P36507
DB08911,Q02750
DB00201,P78527
DB00997,P11387
DB00721,Q9Y6K1
DB01076,P27487
DB00163,P23743
DB11994,P05181
DB11994,P10635
DB11994,P11712
DB03796,P10632
DB00523,Q6V0L0
DB11994,P05177
DB01017,P99999
DB00313,P38936
DB01009,P25024
DB04540,Q9ULY5
DB00277,Q99829
DB14006,Q9Y5K3
DB14006,P49585
DB04209,P29973
DB00945,P04637
DB00755,P29762
DB01406,P13500
DB09096,P04040
DB00583,P23786
DB00583,P50416
DB00583,P43155
DB00755,Q14081
DB11672,P16152
DB11693,P49069
DB00975,P53805
DB11693,Q96LZ3
DB00480,P33151
DB00482,P55287
DB11986,Q16620
DB00661,Q14654
DB00350,P48048
DB00210,P17174
DB00968,P20711
DB06819,P95468
DB09096,Q96A70
DB00591,P08758
DB00591,P09525
DB00591,P12429
DB00591,P07355
DB09019,Q9BYF1
DB00945,P12004
DB01033,Q06203
DB04209,P37840
DB03796,P00709
DB12130,Q9UM73
DB00605,P15121
DB00605,O60218
DB00975,P00813
DB11763,Q04771
DB11986,Q07912
DB00795,P24752
DB00945,P11021
DB00688,Q03393
DB00920,P52209
DB00721,Q86U10
DB00806,P21589
DB01108,P26439
DB00313,Q02218
DB01436,O15528
DB00755,Q16654
DB00945,P98066
DB12095,P17752
DB13615,O00206
DB12914,P10828
DB01047,Q99835
DB05260,P31350
DB05676,Q86V67
DB00364,P0DJD9
DB09059,P30559
DB00755,Q9NY56
DB00213,O94760
DB11672,O15440
DB08834,P08648
DB04209,P98170
DB00820,Q9HCR9
DB00563,P00374
DB04209,Q12791
DB11693,P63098
DB00563,P31939
DB00178,P46663
DB00482,O15530
DB00178,P12821
DB00688,P12268
